location	rainfall.season
Bangladesh	0.9878313462996
China	0.7445684651353525
HongKong	1.102319846857905
India	1.0560531055540303
Iran	0.8741630042153485
Israel	1.2770049999808712
Japan	0.4919359059010477
Pakistan	0.7789988743733934
SaudiArabia	0.7858239901592632
SouthKorea	0.9848968206210794
UnitedArabEmirates	1.3901556636723966
VietNam	0.6874310563352994
