location	rainfall
Bangladesh	2301.0052057142857
China	575.3494246428571
HongKong	2364.473214285714
India	1024.6381289285714
Iran	215.4219332142857
Israel	249.24832321428573
Japan	1617.0031285714285
Pakistan	313.4622210714286
SaudiArabia	72.06173857142858
SouthKorea	1406.7356903571429
UnitedArabEmirates	61.63937571428571
VietNam	1863.6084082142856
