location	temperature
Bangladesh	25.34579523809524
China	6.939276190476191
HongKong	23.314880952380953
India	24.491744047619047
Iran	17.702767172619048
Israel	20.131692142857144
Japan	11.256793601190477
Pakistan	20.440840595238097
SaudiArabia	25.32097380952381
SouthKorea	11.374981101190476
UnitedArabEmirates	27.463241964285714
VietNam	24.5019125
