location	temperature.season
Bangladesh	3.7323231198831706
China	10.106458919519417
HongKong	4.826138048266329
India	4.368328378414885
Iran	8.866692747638705
Israel	6.070370690871159
Japan	8.61051148744005
Pakistan	7.453677505726385
SaudiArabia	6.6506777233077505
SouthKorea	9.625272350387414
UnitedArabEmirates	5.772409269668738
VietNam	2.8224357690518236
